{"0": {"dataset_name": "Example-annotation", "sentence_id": 0, "sentence_state": "Proposal", "original_sentence": "Jm\u00e9no S\u00e4ntis je p\u00edsemn\u011b zaznamen\u00e1no ji\u017e v 9. stolet\u00ed.\n", "normalized_sentence": "Jm\u00e9no S\u00e4ntis je p\u00edsemn\u011b zaznamen\u00e1no ji\u017e v dev\u00e1t\u00e9m stolet\u00ed.", "tokens": [{"text": "9.", "type": "Ordinal", "begin": 42, "end": 44, "children": [], "normalized_text": "dev\u00e1t\u00e9m"}]}, "2": {"dataset_name": "Example-annotation", "sentence_id": 2, "sentence_state": "Proposal", "original_sentence": "Op\u011brn\u00fdm bodem t\u00e9to \u010d\u00e1sti je chata Berggasthof Rotsteinpass (2120 m) stoj\u00edc\u00ed na jihov\u00fdchodn\u00edm rameni mezi vrcholy Ch\u00e4lbers\u00e4ntis (2346 m) a Altmann (2436 m).\n", "normalized_sentence": "Op\u011brn\u00fdm bodem t\u00e9to \u010d\u00e1sti je chata Berggasthof Rotsteinpass (dva tis\u00edce sto dvacet metr\u016f) stoj\u00edc\u00ed na jihov\u00fdchodn\u00edm rameni mezi vrcholy Ch\u00e4lbers\u00e4ntis (dva tis\u00edce t\u0159i sta \u010dty\u0159icet \u0161est metr\u016f) a Altmann (dva tis\u00edce \u010dty\u0159i sta t\u0159icet \u0161est metr\u016f).", "tokens": [{"text": "2120 m", "type": "Measure", "begin": 60, "end": 66, "children": [], "normalized_text": "dva tis\u00edce sto dvacet metr\u016f"}, {"text": "2346 m", "type": "Measure", "begin": 128, "end": 134, "children": [], "normalized_text": "dva tis\u00edce t\u0159i sta \u010dty\u0159icet \u0161est metr\u016f"}, {"text": "2436 m", "type": "Measure", "begin": 147, "end": 153, "children": [], "normalized_text": "dva tis\u00edce \u010dty\u0159i sta t\u0159icet \u0161est metr\u016f"}]}, "3": {"dataset_name": "Example-annotation", "sentence_id": 3, "sentence_state": "Proposal", "original_sentence": "Pod n\u00ed na severov\u00fdchodn\u00ed plo\u0161in\u011b je postaven\u00e1 radiov\u00e1 vys\u00edlac\u00ed v\u011b\u017e o v\u00fd\u0161ce 123,55 m.\n", "normalized_sentence": "Pod n\u00ed na severov\u00fdchodn\u00ed plo\u0161in\u011b je postaven\u00e1 radiov\u00e1 vys\u00edlac\u00ed v\u011b\u017e o v\u00fd\u0161ce sto dvacet t\u0159i cel\u00fdch pades\u00e1t p\u011bt metr\u016f.", "tokens": [{"text": "123,55 m", "type": "Measure", "begin": 75, "end": 83, "children": [], "normalized_text": "sto dvacet t\u0159i cel\u00fdch pades\u00e1t p\u011bt metr\u016f"}]}, "4": {"dataset_name": "Example-annotation", "sentence_id": 4, "sentence_state": "Proposal", "original_sentence": "V pr\u016fb\u011bhu tohoto koncilu byl odsouzen jako kac\u00ed\u0159 a 6. \u010dervence 1415 up\u00e1len sv\u011btskou moc\u00ed mistr Jan Hus.\n", "normalized_sentence": "V pr\u016fb\u011bhu tohoto koncilu byl odsouzen jako kac\u00ed\u0159 a \u0161est\u00e9ho \u010dervence \u010dtrn\u00e1ct set patn\u00e1ct up\u00e1len sv\u011btskou moc\u00ed mistr Jan Hus.", "tokens": [{"text": "6. \u010dervence 1415", "type": "Date", "begin": 51, "end": 67, "children": [], "normalized_text": "\u0161est\u00e9ho \u010dervence \u010dtrn\u00e1ct set patn\u00e1ct"}]}, "5": {"dataset_name": "Example-annotation", "sentence_id": 5, "sentence_state": "Proposal", "original_sentence": "Hokejist\u00e9 V\u00edtkovic v\u00fdhrou 5:2 nad Mladou Boleslav\u00ed v utk\u00e1n\u00ed 32. kola extraligy sn\u00ed\u017eili na jedin\u00fd bod ztr\u00e1tu na vedouc\u00ed Pardubice.\n", "normalized_sentence": "Hokejist\u00e9 V\u00edtkovic v\u00fdhrou p\u011bt dva nad Mladou Boleslav\u00ed v utk\u00e1n\u00ed t\u0159ic\u00e1t\u00e9ho druh\u00e9ho kola extraligy sn\u00ed\u017eili na jedin\u00fd bod ztr\u00e1tu na vedouc\u00ed Pardubice.", "tokens": [{"text": "5:2", "type": "Score", "begin": 26, "end": 29, "children": [], "normalized_text": "p\u011bt dva"}, {"text": "32.", "type": "Ordinal", "begin": 60, "end": 63, "children": [], "normalized_text": "t\u0159ic\u00e1t\u00e9ho druh\u00e9ho"}]}, "8": {"dataset_name": "Example-annotation", "sentence_id": 8, "sentence_state": "Proposal", "original_sentence": "Pro v\u00edce informac\u00ed zavolejte na telefonn\u00ed \u010d\u00edslo: +420 735 708 273.\n", "normalized_sentence": "Pro v\u00edce informac\u00ed zavolejte na telefonn\u00ed \u010d\u00edslo: plus \u010dty\u0159i sta dvacet sedm set t\u0159icet p\u011bt sedm set osm dv\u011b st\u011b sedmdes\u00e1t t\u0159i.", "tokens": [{"text": "+420 735 708 273", "type": "Telephone", "begin": 49, "end": 65, "children": [], "normalized_text": "plus \u010dty\u0159i sta dvacet sedm set t\u0159icet p\u011bt sedm set osm dv\u011b st\u011b sedmdes\u00e1t t\u0159i"}]}, "9": {"dataset_name": "Example-annotation", "sentence_id": 9, "sentence_state": "Proposal", "original_sentence": "TOP 20 mobiln\u00edch telefon\u016f do 1 000 K\u010d.", "normalized_sentence": "TOP dvacet mobiln\u00edch telefon\u016f do tis\u00edce korun \u010desk\u00fdch.", "tokens": [{"text": "20", "type": "Cardinal", "begin": 4, "end": 6, "children": [], "normalized_text": "dvacet"}, {"text": "1 000 K\u010d", "normalized_text": "tis\u00edce korun \u010desk\u00fdch", "type": "Money", "children": [], "begin": 29, "end": 37}]}, "1": {"dataset_name": "Example-annotation", "sentence_id": 1, "sentence_state": "Proposal", "original_sentence": "S\u00e4ntis dal jm\u00e9no kantonu S\u00e4ntis existuj\u00edc\u00edmu v dob\u011b Helv\u00e9tsk\u00e9 republiky (1798-1803).\n", "normalized_sentence": "S\u00e4ntis dal jm\u00e9no kantonu S\u00e4ntis existuj\u00edc\u00edmu v dob\u011b Helv\u00e9tsk\u00e9 republiky (sedmn\u00e1ct set devades\u00e1t osm a\u017e osmn\u00e1ct set t\u0159i).\n", "tokens": [{"text": "1798-1803", "normalized_text": "sedmn\u00e1ct set devades\u00e1t osm a\u017e osmn\u00e1ct set t\u0159i", "type": "Range", "children": [], "begin": 73, "end": 82}]}, "6": {"dataset_name": "Example-annotation", "sentence_id": 6, "sentence_state": "Proposal", "original_sentence": "S vidinou a\u017e 42% zhodnocen\u00ed vkladu uv\u011b\u0159ili zn\u00e1m\u00ed a spolupracovn\u00edci p\u011btat\u0159icetilet\u00e9mu mu\u017ei z Turnovska a sv\u011b\u0159ili mu sv\u00e9 pen\u00edze\n", "normalized_sentence": "S vidinou a\u017e \u010dty\u0159iceti dvou procentn\u00edho zhodnocen\u00ed vkladu uv\u011b\u0159ili zn\u00e1m\u00ed a spolupracovn\u00edci p\u011btat\u0159icetilet\u00e9mu mu\u017ei z Turnovska a sv\u011b\u0159ili mu sv\u00e9 pen\u00edze\n", "tokens": [{"text": "42%", "normalized_text": "\u010dty\u0159iceti dvou procentn\u00edho", "type": "WithSuffix", "children": [], "begin": 13, "end": 16}]}, "7": {"dataset_name": "Example-annotation", "sentence_id": 7, "sentence_state": "Proposal", "original_sentence": "N2 + 3 H2 \u2192 2 NH3\n", "normalized_sentence": "2 atomy dus\u00edku a 3 dvouatomov\u00e9 molekuly vod\u00edku vytvo\u0159\u00ed 2 molekuly amoniaku\n", "tokens": [{"text": "N2 + 3 H2 \u2192 2 NH3", "normalized_text": "2 atomy dus\u00edku a 3 dvouatomov\u00e9 molekuly vod\u00edku vytvo\u0159\u00ed 2 molekuly amoniaku", "type": "Chemistry", "children": [], "begin": 0, "end": 17}]}}